<PAMDataset>
  <PAMRasterBand band="1">
    <Histograms>
      <HistItem>
        <HistMin>-0.4761904761904762</HistMin>
        <HistMax>20.47619047619047</HistMax>
        <BucketCount>21</BucketCount>
        <IncludeOutOfRange>0</IncludeOutOfRange>
        <Approximate>0</Approximate>
        <HistCounts>1333108|272511|0|0|0|3299|42442|0|33043|0|6052|0|0|0|0|9565|8370|98663|8739|0|140073</HistCounts>
      </HistItem>
    </Histograms>
    <Metadata>
      <MDI key="STATISTICS_MAXIMUM">20</MDI>
      <MDI key="STATISTICS_MEAN">2.9562111904451</MDI>
      <MDI key="STATISTICS_MINIMUM">0</MDI>
      <MDI key="STATISTICS_STDDEV">6.3626248390414</MDI>
      <MDI key="STATISTICS_VALID_PERCENT">100</MDI>
    </Metadata>
  </PAMRasterBand>
</PAMDataset>
