<PAMDataset>
  <PAMRasterBand band="1">
    <Histograms>
      <HistItem>
        <HistMin>-0.4761904761904762</HistMin>
        <HistMax>20.47619047619047</HistMax>
        <BucketCount>21</BucketCount>
        <IncludeOutOfRange>0</IncludeOutOfRange>
        <Approximate>0</Approximate>
        <HistCounts>1333007|273335|0|0|0|3993|44694|0|46671|0|8328|0|0|0|0|15269|11810|185910|9069|5|23774</HistCounts>
      </HistItem>
    </Histograms>
    <Metadata>
      <MDI key="STATISTICS_MAXIMUM">20</MDI>
      <MDI key="STATISTICS_MEAN">2.6767665457483</MDI>
      <MDI key="STATISTICS_MINIMUM">0</MDI>
      <MDI key="STATISTICS_STDDEV">5.7392668241979</MDI>
      <MDI key="STATISTICS_VALID_PERCENT">100</MDI>
    </Metadata>
  </PAMRasterBand>
</PAMDataset>
